DATE,TENOR,OFFER,BID
1/31/2023,1 - Week,16.91,17.41
1/31/2023,2 - Week,16.96,17.46
1/31/2023,1 - Month,17.04,17.54
1/31/2023,3 - Month,17.62,17.87
1/31/2023,6 - Month,17.72,17.97
1/31/2023,9 - Month,17.76,18.26
1/31/2023,1 - Year,17.79,18.29
1/30/2023,1 - Week,16.88,17.38
1/30/2023,2 - Week,16.94,17.44
1/30/2023,1 - Month,17.05,17.55
1/30/2023,3 - Month,17.6,17.85
1/30/2023,6 - Month,17.7,17.95
1/30/2023,9 - Month,17.74,18.24
1/30/2023,1 - Year,17.77,18.27
1/27/2023,1 - Week,16.82,17.32
1/27/2023,2 - Week,16.89,17.39
1/27/2023,1 - Month,17.03,17.53
1/27/2023,3 - Month,17.63,17.88
1/27/2023,6 - Month,17.7,17.95
1/27/2023,9 - Month,17.74,18.24
1/27/2023,1 - Year,17.77,18.27
1/26/2023,1 - Week,16.89,17.39
1/26/2023,2 - Week,16.97,17.47
1/26/2023,1 - Month,17.07,17.57
1/26/2023,3 - Month,17.66,17.91
1/26/2023,6 - Month,17.69,17.94
1/26/2023,9 - Month,17.72,18.22
1/26/2023,1 - Year,17.74,18.24
1/25/2023,1 - Week,16.82,17.32
1/25/2023,2 - Week,16.93,17.43
1/25/2023,1 - Month,17.04,17.54
1/25/2023,3 - Month,17.51,17.76
1/25/2023,6 - Month,17.62,17.87
1/25/2023,9 - Month,17.64,18.14
1/25/2023,1 - Year,17.67,18.17
1/24/2023,1 - Week,16.87,17.37
1/24/2023,2 - Week,16.96,17.46
1/24/2023,1 - Month,17.09,17.59
1/24/2023,3 - Month,17.49,17.74
1/24/2023,6 - Month,17.57,17.82
1/24/2023,9 - Month,17.58,18.08
1/24/2023,1 - Year,17.62,18.12
1/23/2023,1 - Week,16.7,17.2
1/23/2023,2 - Week,16.81,17.31
1/23/2023,1 - Month,17.09,17.59
1/23/2023,3 - Month,17.51,17.76
1/23/2023,6 - Month,17.55,17.8
1/23/2023,9 - Month,17.58,18.08
1/23/2023,1 - Year,17.62,18.12
1/20/2023,1 - Week,15.94,16.44
1/20/2023,2 - Week,16.16,16.66
1/20/2023,1 - Month,16.55,17.05
1/20/2023,3 - Month,17.24,17.49
1/20/2023,6 - Month,17.25,17.5
1/20/2023,9 - Month,17.26,17.76
1/20/2023,1 - Year,17.3,17.8
1/19/2023,1 - Week,15.46,15.96
1/19/2023,2 - Week,15.66,16.16
1/19/2023,1 - Month,16.15,16.65
1/19/2023,3 - Month,16.95,17.2
1/19/2023,6 - Month,16.99,17.24
1/19/2023,9 - Month,16.99,17.49
1/19/2023,1 - Year,17,17.5
1/18/2023,1 - Week,15.21,15.71
1/18/2023,2 - Week,15.5,16
1/18/2023,1 - Month,15.82,16.32
1/18/2023,3 - Month,16.86,17.11
1/18/2023,6 - Month,16.91,17.16
1/18/2023,9 - Month,16.91,17.41
1/18/2023,1 - Year,16.93,17.43
1/17/2023,1 - Week,15.2,15.7
1/17/2023,2 - Week,15.45,15.95
1/17/2023,1 - Month,15.69,16.19
1/17/2023,3 - Month,16.8,17.05
1/17/2023,6 - Month,16.85,17.1
1/17/2023,9 - Month,16.87,17.37
1/17/2023,1 - Year,16.88,17.38
1/16/2023,1 - Week,15.19,15.69
1/16/2023,2 - Week,15.4,15.9
1/16/2023,1 - Month,15.68,16.18
1/16/2023,3 - Month,16.82,17.07
1/16/2023,6 - Month,16.86,17.11
1/16/2023,9 - Month,16.87,17.37
1/16/2023,1 - Year,16.88,17.38
1/13/2023,1 - Week,15.39,15.89
1/13/2023,2 - Week,15.48,15.98
1/13/2023,1 - Month,15.74,16.24
1/13/2023,3 - Month,16.85,17.1
1/13/2023,6 - Month,16.89,17.14
1/13/2023,9 - Month,16.88,17.38
1/13/2023,1 - Year,16.89,17.39
1/12/2023,1 - Week,15.61,16.11
1/12/2023,2 - Week,15.67,16.17
1/12/2023,1 - Month,15.77,16.27
1/12/2023,3 - Month,16.86,17.11
1/12/2023,6 - Month,16.88,17.13
1/12/2023,9 - Month,16.88,17.38
1/12/2023,1 - Year,16.89,17.39
1/11/2023,1 - Week,15.6,16.1
1/11/2023,2 - Week,15.66,16.16
1/11/2023,1 - Month,15.79,16.29
1/11/2023,3 - Month,16.82,17.07
1/11/2023,6 - Month,16.87,17.12
1/11/2023,9 - Month,16.87,17.37
1/11/2023,1 - Year,16.89,17.39
1/10/2023,1 - Week,15.59,16.09
1/10/2023,2 - Week,15.64,16.14
1/10/2023,1 - Month,15.78,16.28
1/10/2023,3 - Month,16.83,17.08
1/10/2023,6 - Month,16.85,17.1
1/10/2023,9 - Month,16.85,17.35
1/10/2023,1 - Year,16.87,17.37
1/9/2023,1 - Week,15.59,16.09
1/9/2023,2 - Week,15.65,16.15
1/9/2023,1 - Month,15.81,16.31
1/9/2023,3 - Month,16.83,17.08
1/9/2023,6 - Month,16.86,17.11
1/9/2023,9 - Month,16.87,17.37
1/9/2023,1 - Year,16.89,17.39
1/6/2023,1 - Week,15.66,16.16
1/6/2023,2 - Week,15.72,16.22
1/6/2023,1 - Month,15.85,16.35
1/6/2023,3 - Month,16.84,17.09
1/6/2023,6 - Month,16.85,17.1
1/6/2023,9 - Month,16.87,17.37
1/6/2023,1 - Year,16.89,17.39
1/5/2023,1 - Week,15.72,16.22
1/5/2023,2 - Week,15.77,16.27
1/5/2023,1 - Month,15.89,16.39
1/5/2023,3 - Month,16.83,17.08
1/5/2023,6 - Month,16.85,17.1
1/5/2023,9 - Month,16.85,17.35
1/5/2023,1 - Year,16.87,17.37
1/4/2023,1 - Week,15.79,16.29
1/4/2023,2 - Week,15.85,16.35
1/4/2023,1 - Month,15.96,16.46
1/4/2023,3 - Month,16.83,17.08
1/4/2023,6 - Month,16.83,17.08
1/4/2023,9 - Month,16.83,17.33
1/4/2023,1 - Year,16.85,17.35
1/3/2023,1 - Week,15.79,16.29
1/3/2023,2 - Week,15.86,16.36
1/3/2023,1 - Month,15.93,16.43
1/3/2023,3 - Month,16.81,17.06
1/3/2023,6 - Month,16.82,17.07
1/3/2023,9 - Month,16.83,17.33
1/3/2023,1 - Year,16.86,17.36
2/28/2023,1 - Week,17.72,18.22
2/28/2023,2 - Week,18.08,18.58
2/28/2023,1 - Month,18.88,19.38
2/28/2023,3 - Month,19.6,19.85
2/28/2023,6 - Month,19.81,20.06
2/28/2023,9 - Month,19.86,20.36
2/28/2023,1 - Year,19.9,20.4
2/27/2023,1 - Week,17.39,17.89
2/27/2023,2 - Week,17.69,18.19
2/27/2023,1 - Month,18.76,19.26
2/27/2023,3 - Month,19.51,19.76
2/27/2023,6 - Month,19.72,19.97
2/27/2023,9 - Month,19.75,20.25
2/27/2023,1 - Year,19.8,20.3
2/24/2023,1 - Week,17.36,17.86
2/24/2023,2 - Week,17.57,18.07
2/24/2023,1 - Month,18.59,19.09
2/24/2023,3 - Month,19.56,19.81
2/24/2023,6 - Month,19.71,19.96
2/24/2023,9 - Month,19.74,20.24
2/24/2023,1 - Year,19.82,20.32
2/23/2023,1 - Week,17.26,17.76
2/23/2023,2 - Week,17.41,17.91
2/23/2023,1 - Month,18.34,18.84
2/23/2023,3 - Month,19.62,19.87
2/23/2023,6 - Month,19.72,19.97
2/23/2023,9 - Month,19.73,20.23
2/23/2023,1 - Year,19.77,20.27
2/22/2023,1 - Week,16.91,17.41
2/22/2023,2 - Week,17.08,17.58
2/22/2023,1 - Month,17.51,18.01
2/22/2023,3 - Month,18.73,18.98
2/22/2023,6 - Month,18.81,19.06
2/22/2023,9 - Month,18.87,19.37
2/22/2023,1 - Year,18.91,19.41
2/21/2023,1 - Week,16.9,17.4
2/21/2023,2 - Week,17.08,17.58
2/21/2023,1 - Month,17.39,17.89
2/21/2023,3 - Month,18.67,18.92
2/21/2023,6 - Month,18.75,19
2/21/2023,9 - Month,18.79,19.29
2/21/2023,1 - Year,18.86,19.36
2/20/2023,1 - Week,16.96,17.46
2/20/2023,2 - Week,17.07,17.57
2/20/2023,1 - Month,17.28,17.78
2/20/2023,3 - Month,18.55,18.8
2/20/2023,6 - Month,18.69,18.94
2/20/2023,9 - Month,18.75,19.25
2/20/2023,1 - Year,18.83,19.33
2/17/2023,1 - Week,16.82,17.32
2/17/2023,2 - Week,16.97,17.47
2/17/2023,1 - Month,17.19,17.69
2/17/2023,3 - Month,18.49,18.74
2/17/2023,6 - Month,18.63,18.88
2/17/2023,9 - Month,18.7,19.2
2/17/2023,1 - Year,18.77,19.27
2/16/2023,1 - Week,16.75,17.25
2/16/2023,2 - Week,16.84,17.34
2/16/2023,1 - Month,17.13,17.63
2/16/2023,3 - Month,18.43,18.68
2/16/2023,6 - Month,18.57,18.82
2/16/2023,9 - Month,18.62,19.12
2/16/2023,1 - Year,18.68,19.18
2/15/2023,1 - Week,16.63,17.13
2/15/2023,2 - Week,16.75,17.25
2/15/2023,1 - Month,16.99,17.49
2/15/2023,3 - Month,18.03,18.28
2/15/2023,6 - Month,18.19,18.44
2/15/2023,9 - Month,18.24,18.74
2/15/2023,1 - Year,18.34,18.84
2/14/2023,1 - Week,16.75,17.25
2/14/2023,2 - Week,16.8,17.3
2/14/2023,1 - Month,16.98,17.48
2/14/2023,3 - Month,17.93,18.18
2/14/2023,6 - Month,18.09,18.34
2/14/2023,9 - Month,18.15,18.65
2/14/2023,1 - Year,18.23,18.73
2/13/2023,1 - Week,16.78,17.28
2/13/2023,2 - Week,16.81,17.31
2/13/2023,1 - Month,16.94,17.44
2/13/2023,3 - Month,17.9,18.15
2/13/2023,6 - Month,18.03,18.28
2/13/2023,9 - Month,18.09,18.59
2/13/2023,1 - Year,18.14,18.64
2/10/2023,1 - Week,16.78,17.28
2/10/2023,2 - Week,16.83,17.33
2/10/2023,1 - Month,16.95,17.45
2/10/2023,3 - Month,17.89,18.14
2/10/2023,6 - Month,18.06,18.31
2/10/2023,9 - Month,18.08,18.58
2/10/2023,1 - Year,18.14,18.64
2/9/2023,1 - Week,16.71,17.21
2/9/2023,2 - Week,16.82,17.32
2/9/2023,1 - Month,16.92,17.42
2/9/2023,3 - Month,17.81,18.06
2/9/2023,6 - Month,17.88,18.13
2/9/2023,9 - Month,17.9,18.4
2/9/2023,1 - Year,17.92,18.42
2/8/2023,1 - Week,16.79,17.29
2/8/2023,2 - Week,16.87,17.37
2/8/2023,1 - Month,16.98,17.48
2/8/2023,3 - Month,17.68,17.93
2/8/2023,6 - Month,17.78,18.03
2/8/2023,9 - Month,17.81,18.31
2/8/2023,1 - Year,17.84,18.34
2/7/2023,1 - Week,16.83,17.33
2/7/2023,2 - Week,16.9,17.4
2/7/2023,1 - Month,16.97,17.47
2/7/2023,3 - Month,17.67,17.92
2/7/2023,6 - Month,17.77,18.02
2/7/2023,9 - Month,17.81,18.31
2/7/2023,1 - Year,17.84,18.34
2/6/2023,1 - Week,16.84,17.34
2/6/2023,2 - Week,16.91,17.41
2/6/2023,1 - Month,16.99,17.49
2/6/2023,3 - Month,17.67,17.92
2/6/2023,6 - Month,17.75,18
2/6/2023,9 - Month,17.8,18.3
2/6/2023,1 - Year,17.84,18.34
2/3/2023,1 - Week,16.85,17.35
2/3/2023,2 - Week,16.92,17.42
2/3/2023,1 - Month,17.02,17.52
2/3/2023,3 - Month,17.67,17.92
2/3/2023,6 - Month,17.75,18
2/3/2023,9 - Month,17.79,18.29
2/3/2023,1 - Year,17.83,18.33
2/2/2023,1 - Week,16.82,17.32
2/2/2023,2 - Week,16.88,17.38
2/2/2023,1 - Month,17.01,17.51
2/2/2023,3 - Month,17.66,17.91
2/2/2023,6 - Month,17.75,18
2/2/2023,9 - Month,17.79,18.29
2/2/2023,1 - Year,17.81,18.31
2/1/2023,1 - Week,16.78,17.28
2/1/2023,2 - Week,16.87,17.37
2/1/2023,1 - Month,17.02,17.52
2/1/2023,3 - Month,17.64,17.89
2/1/2023,6 - Month,17.73,17.98
2/1/2023,9 - Month,17.78,18.28
2/1/2023,1 - Year,17.81,18.31
3/31/2023,1 - Week,19.81,20.31
3/31/2023,2 - Week,20.16,20.66
3/31/2023,1 - Month,20.76,21.26
3/31/2023,3 - Month,21.73,21.98
3/31/2023,6 - Month,21.82,22.07
3/31/2023,9 - Month,21.86,22.36
3/31/2023,1 - Year,21.88,22.38
3/30/2023,1 - Week,19.68,20.18
3/30/2023,2 - Week,19.96,20.46
3/30/2023,1 - Month,20.49,20.99
3/30/2023,3 - Month,21.69,21.94
3/30/2023,6 - Month,21.78,22.03
3/30/2023,9 - Month,21.82,22.32
3/30/2023,1 - Year,21.84,22.34
3/29/2023,1 - Week,19.63,20.13
3/29/2023,2 - Week,19.89,20.39
3/29/2023,1 - Month,20.36,20.86
3/29/2023,3 - Month,21.69,21.94
3/29/2023,6 - Month,21.76,22.01
3/29/2023,9 - Month,21.81,22.31
3/29/2023,1 - Year,21.82,22.32
3/28/2023,1 - Week,19.64,20.14
3/28/2023,2 - Week,19.87,20.37
3/28/2023,1 - Month,20.28,20.78
3/28/2023,3 - Month,21.68,21.93
3/28/2023,6 - Month,21.76,22.01
3/28/2023,9 - Month,21.79,22.29
3/28/2023,1 - Year,21.83,22.33
3/27/2023,1 - Week,19.76,20.26
3/27/2023,2 - Week,19.87,20.37
3/27/2023,1 - Month,20.18,20.68
3/27/2023,3 - Month,21.68,21.93
3/27/2023,6 - Month,21.76,22.01
3/27/2023,9 - Month,21.79,22.29
3/27/2023,1 - Year,21.79,22.29
3/22/2023,1 - Week,19.79,20.29
3/22/2023,2 - Week,19.86,20.36
3/22/2023,1 - Month,20.03,20.53
3/22/2023,3 - Month,20.94,21.19
3/22/2023,6 - Month,20.96,21.21
3/22/2023,9 - Month,20.98,21.48
3/22/2023,1 - Year,21,21.5
3/21/2023,1 - Week,19.64,20.14
3/21/2023,2 - Week,19.74,20.24
3/21/2023,1 - Month,19.97,20.47
3/21/2023,3 - Month,20.89,21.14
3/21/2023,6 - Month,20.93,21.18
3/21/2023,9 - Month,20.96,21.46
3/21/2023,1 - Year,20.97,21.47
3/20/2023,1 - Week,19.66,20.16
3/20/2023,2 - Week,19.76,20.26
3/20/2023,1 - Month,19.99,20.49
3/20/2023,3 - Month,20.87,21.12
3/20/2023,6 - Month,20.91,21.16
3/20/2023,9 - Month,20.95,21.45
3/20/2023,1 - Year,20.96,21.46
3/17/2023,1 - Week,19.71,20.21
3/17/2023,2 - Week,19.78,20.28
3/17/2023,1 - Month,19.98,20.48
3/17/2023,3 - Month,20.86,21.11
3/17/2023,6 - Month,20.9,21.15
3/17/2023,9 - Month,20.95,21.45
3/17/2023,1 - Year,20.95,21.45
3/16/2023,1 - Week,19.59,20.09
3/16/2023,2 - Week,19.71,20.21
3/16/2023,1 - Month,19.89,20.39
3/16/2023,3 - Month,20.84,21.09
3/16/2023,6 - Month,20.9,21.15
3/16/2023,9 - Month,20.94,21.44
3/16/2023,1 - Year,20.95,21.45
3/15/2023,1 - Week,19.58,20.08
3/15/2023,2 - Week,19.7,20.2
3/15/2023,1 - Month,19.91,20.41
3/15/2023,3 - Month,20.85,21.1
3/15/2023,6 - Month,20.91,21.16
3/15/2023,9 - Month,20.94,21.44
3/15/2023,1 - Year,20.97,21.47
3/14/2023,1 - Week,19.62,20.12
3/14/2023,2 - Week,19.74,20.24
3/14/2023,1 - Month,19.94,20.44
3/14/2023,3 - Month,20.84,21.09
3/14/2023,6 - Month,20.9,21.15
3/14/2023,9 - Month,20.94,21.44
3/14/2023,1 - Year,20.97,21.47
3/13/2023,1 - Week,19.7,20.2
3/13/2023,2 - Week,19.8,20.3
3/13/2023,1 - Month,19.97,20.47
3/13/2023,3 - Month,20.82,21.07
3/13/2023,6 - Month,20.88,21.13
3/13/2023,9 - Month,20.92,21.42
3/13/2023,1 - Year,20.96,21.46
3/10/2023,1 - Week,19.82,20.32
3/10/2023,2 - Week,19.87,20.37
3/10/2023,1 - Month,20.01,20.51
3/10/2023,3 - Month,20.81,21.06
3/10/2023,6 - Month,20.87,21.12
3/10/2023,9 - Month,20.91,21.41
3/10/2023,1 - Year,20.95,21.45
3/9/2023,1 - Week,19.94,20.44
3/9/2023,2 - Week,20,20.5
3/9/2023,1 - Month,20.09,20.59
3/9/2023,3 - Month,20.81,21.06
3/9/2023,6 - Month,20.86,21.11
3/9/2023,9 - Month,20.91,21.41
3/9/2023,1 - Year,20.94,21.44
3/8/2023,1 - Week,19.92,20.42
3/8/2023,2 - Week,20,20.5
3/8/2023,1 - Month,20.08,20.58
3/8/2023,3 - Month,20.74,20.99
3/8/2023,6 - Month,20.82,21.07
3/8/2023,9 - Month,20.89,21.39
3/8/2023,1 - Year,20.91,21.41
3/7/2023,1 - Week,19.94,20.44
3/7/2023,2 - Week,20.02,20.52
3/7/2023,1 - Month,20.08,20.58
3/7/2023,3 - Month,20.63,20.88
3/7/2023,6 - Month,20.77,21.02
3/7/2023,9 - Month,20.85,21.35
3/7/2023,1 - Year,20.88,21.38
3/6/2023,1 - Week,19.93,20.43
3/6/2023,2 - Week,20,20.5
3/6/2023,1 - Month,20.09,20.59
3/6/2023,3 - Month,20.58,20.83
3/6/2023,6 - Month,20.74,20.99
3/6/2023,9 - Month,20.81,21.31
3/6/2023,1 - Year,20.86,21.36
3/3/2023,1 - Week,19.91,20.41
3/3/2023,2 - Week,19.99,20.49
3/3/2023,1 - Month,20.09,20.59
3/3/2023,3 - Month,20.44,20.69
3/3/2023,6 - Month,20.65,20.9
3/3/2023,9 - Month,20.71,21.21
3/3/2023,1 - Year,20.78,21.28
3/2/2023,1 - Week,18.67,19.17
3/2/2023,2 - Week,18.87,19.37
3/2/2023,1 - Month,19.06,19.56
3/2/2023,3 - Month,19.78,20.03
3/2/2023,6 - Month,19.89,20.14
3/2/2023,9 - Month,19.91,20.41
3/2/2023,1 - Year,19.96,20.46
3/1/2023,1 - Week,18.05,18.55
3/1/2023,2 - Week,18.44,18.94
3/1/2023,1 - Month,18.97,19.47
3/1/2023,3 - Month,19.68,19.93
3/1/2023,6 - Month,19.85,20.1
3/1/2023,9 - Month,19.89,20.39
3/1/2023,1 - Year,19.93,20.43
4/28/2023,1 - Week,20.83,21.33
4/28/2023,2 - Week,20.9,21.4
4/28/2023,1 - Month,21.07,21.57
4/28/2023,3 - Month,21.8,22.05
4/28/2023,6 - Month,21.81,22.06
4/28/2023,9 - Month,21.8,22.3
4/28/2023,1 - Year,21.8,22.3
4/27/2023,1 - Week,20.84,21.34
4/27/2023,2 - Week,20.91,21.41
4/27/2023,1 - Month,21.09,21.59
4/27/2023,3 - Month,21.8,22.05
4/27/2023,6 - Month,21.81,22.06
4/27/2023,9 - Month,21.8,22.3
4/27/2023,1 - Year,21.8,22.3
4/26/2023,1 - Week,20.8,21.3
4/26/2023,2 - Week,20.9,21.4
4/26/2023,1 - Month,21.13,21.63
4/26/2023,3 - Month,21.82,22.07
4/26/2023,6 - Month,21.83,22.08
4/26/2023,9 - Month,21.77,22.27
4/26/2023,1 - Year,21.77,22.27
4/20/2023,1 - Week,20.83,21.33
4/20/2023,2 - Week,20.92,21.42
4/20/2023,1 - Month,21.16,21.66
4/20/2023,3 - Month,21.83,22.08
4/20/2023,6 - Month,21.84,22.09
4/20/2023,9 - Month,21.76,22.26
4/20/2023,1 - Year,21.76,22.26
4/19/2023,1 - Week,21.01,21.51
4/19/2023,2 - Week,21.07,21.57
4/19/2023,1 - Month,21.23,21.73
4/19/2023,3 - Month,21.84,22.09
4/19/2023,6 - Month,21.83,22.08
4/19/2023,9 - Month,21.75,22.25
4/19/2023,1 - Year,21.75,22.25
4/18/2023,1 - Week,20.96,21.46
4/18/2023,2 - Week,21.03,21.53
4/18/2023,1 - Month,21.22,21.72
4/18/2023,3 - Month,21.86,22.11
4/18/2023,6 - Month,21.86,22.11
4/18/2023,9 - Month,21.8,22.3
4/18/2023,1 - Year,21.8,22.3
4/17/2023,1 - Week,20.92,21.42
4/17/2023,2 - Week,21.02,21.52
4/17/2023,1 - Month,21.2,21.7
4/17/2023,3 - Month,21.85,22.1
4/17/2023,6 - Month,21.85,22.1
4/17/2023,9 - Month,21.77,22.27
4/17/2023,1 - Year,21.78,22.28
4/14/2023,1 - Week,20.96,21.46
4/14/2023,2 - Week,21.07,21.57
4/14/2023,1 - Month,21.23,21.73
4/14/2023,3 - Month,21.87,22.12
4/14/2023,6 - Month,21.85,22.1
4/14/2023,9 - Month,21.78,22.28
4/14/2023,1 - Year,21.78,22.28
4/13/2023,1 - Week,21.01,21.51
4/13/2023,2 - Week,21.09,21.59
4/13/2023,1 - Month,21.25,21.75
4/13/2023,3 - Month,21.87,22.12
4/13/2023,6 - Month,21.85,22.1
4/13/2023,9 - Month,21.78,22.28
4/13/2023,1 - Year,21.78,22.28
4/12/2023,1 - Week,20.98,21.48
4/12/2023,2 - Week,21.09,21.59
4/12/2023,1 - Month,21.23,21.73
4/12/2023,3 - Month,21.84,22.09
4/12/2023,6 - Month,21.84,22.09
4/12/2023,9 - Month,21.8,22.3
4/12/2023,1 - Year,21.81,22.31
4/11/2023,1 - Week,20.87,21.37
4/11/2023,2 - Week,21.06,21.56
4/11/2023,1 - Month,21.22,21.72
4/11/2023,3 - Month,21.82,22.07
4/11/2023,6 - Month,21.83,22.08
4/11/2023,9 - Month,21.81,22.31
4/11/2023,1 - Year,21.82,22.32
4/10/2023,1 - Week,20.87,21.37
4/10/2023,2 - Week,21.06,21.56
4/10/2023,1 - Month,21.23,21.73
4/10/2023,3 - Month,21.82,22.07
4/10/2023,6 - Month,21.84,22.09
4/10/2023,9 - Month,21.79,22.29
4/10/2023,1 - Year,21.8,22.3
4/7/2023,1 - Week,20.91,21.41
4/7/2023,2 - Week,21.06,21.56
4/7/2023,1 - Month,21.21,21.71
4/7/2023,3 - Month,21.78,22.03
4/7/2023,6 - Month,21.82,22.07
4/7/2023,9 - Month,21.73,22.23
4/7/2023,1 - Year,21.76,22.26
4/6/2023,1 - Week,20.96,21.46
4/6/2023,2 - Week,21.06,21.56
4/6/2023,1 - Month,21.23,21.73
4/6/2023,3 - Month,21.8,22.05
4/6/2023,6 - Month,21.82,22.07
4/6/2023,9 - Month,21.75,22.25
4/6/2023,1 - Year,21.77,22.27
4/5/2023,1 - Week,20.87,21.37
4/5/2023,2 - Week,21.01,21.51
4/5/2023,1 - Month,21.17,21.67
4/5/2023,3 - Month,21.64,21.89
4/5/2023,6 - Month,21.73,21.98
4/5/2023,9 - Month,21.72,22.22
4/5/2023,1 - Year,21.74,22.24
4/4/2023,1 - Week,20.64,21.14
4/4/2023,2 - Week,21.02,21.52
4/4/2023,1 - Month,21.53,22.03
4/4/2023,3 - Month,21.99,22.24
4/4/2023,6 - Month,22.11,22.36
4/4/2023,9 - Month,22.16,22.66
4/4/2023,1 - Year,22.21,22.71
4/3/2023,1 - Week,20.12,20.62
4/3/2023,2 - Week,20.52,21.02
4/3/2023,1 - Month,21.14,21.64
4/3/2023,3 - Month,21.83,22.08
4/3/2023,6 - Month,21.94,22.19
4/3/2023,9 - Month,22,22.5
4/3/2023,1 - Year,22.04,22.54
5/31/2023,1 - Week,20.9,21.4
5/31/2023,2 - Week,20.98,21.48
5/31/2023,1 - Month,21.2,21.7
5/31/2023,3 - Month,21.94,22.19
5/31/2023,6 - Month,21.93,22.18
5/31/2023,9 - Month,21.91,22.41
5/31/2023,1 - Year,21.92,22.42
5/30/2023,1 - Week,20.89,21.39
5/30/2023,2 - Week,20.97,21.47
5/30/2023,1 - Month,21.2,21.7
5/30/2023,3 - Month,21.92,22.17
5/30/2023,6 - Month,21.92,22.17
5/30/2023,9 - Month,21.91,22.41
5/30/2023,1 - Year,21.92,22.42
5/29/2023,1 - Week,20.89,21.39
5/29/2023,2 - Week,20.96,21.46
5/29/2023,1 - Month,21.15,21.65
5/29/2023,3 - Month,21.88,22.13
5/29/2023,6 - Month,21.89,22.14
5/29/2023,9 - Month,21.87,22.37
5/29/2023,1 - Year,21.88,22.38
5/26/2023,1 - Week,20.87,21.37
5/26/2023,2 - Week,20.94,21.44
5/26/2023,1 - Month,21.12,21.62
5/26/2023,3 - Month,21.84,22.09
5/26/2023,6 - Month,21.87,22.12
5/26/2023,9 - Month,21.86,22.36
5/26/2023,1 - Year,21.88,22.38
5/25/2023,1 - Week,20.88,21.38
5/25/2023,2 - Week,20.95,21.45
5/25/2023,1 - Month,21.12,21.62
5/25/2023,3 - Month,21.83,22.08
5/25/2023,6 - Month,21.86,22.11
5/25/2023,9 - Month,21.86,22.36
5/25/2023,1 - Year,21.88,22.38
5/24/2023,1 - Week,20.88,21.38
5/24/2023,2 - Week,20.94,21.44
5/24/2023,1 - Month,21.11,21.61
5/24/2023,3 - Month,21.83,22.08
5/24/2023,6 - Month,21.84,22.09
5/24/2023,9 - Month,21.86,22.36
5/24/2023,1 - Year,21.88,22.38
5/23/2023,1 - Week,20.89,21.39
5/23/2023,2 - Week,20.94,21.44
5/23/2023,1 - Month,21.04,21.54
5/23/2023,3 - Month,21.81,22.06
5/23/2023,6 - Month,21.83,22.08
5/23/2023,9 - Month,21.85,22.35
5/23/2023,1 - Year,21.86,22.36
5/22/2023,1 - Week,20.87,21.37
5/22/2023,2 - Week,20.93,21.43
5/22/2023,1 - Month,21.04,21.54
5/22/2023,3 - Month,21.8,22.05
5/22/2023,6 - Month,21.83,22.08
5/22/2023,9 - Month,21.85,22.35
5/22/2023,1 - Year,21.86,22.36
5/19/2023,1 - Week,20.68,21.18
5/19/2023,2 - Week,20.79,21.29
5/19/2023,1 - Month,20.96,21.46
5/19/2023,3 - Month,21.79,22.04
5/19/2023,6 - Month,21.81,22.06
5/19/2023,9 - Month,21.82,22.32
5/19/2023,1 - Year,21.83,22.33
5/18/2023,1 - Week,20.52,21.02
5/18/2023,2 - Week,20.7,21.2
5/18/2023,1 - Month,20.93,21.43
5/18/2023,3 - Month,21.77,22.02
5/18/2023,6 - Month,21.8,22.05
5/18/2023,9 - Month,21.81,22.31
5/18/2023,1 - Year,21.84,22.34
5/17/2023,1 - Week,20.5,21
5/17/2023,2 - Week,20.69,21.19
5/17/2023,1 - Month,20.92,21.42
5/17/2023,3 - Month,21.76,22.01
5/17/2023,6 - Month,21.79,22.04
5/17/2023,9 - Month,21.81,22.31
5/17/2023,1 - Year,21.83,22.33
5/16/2023,1 - Week,20.49,20.99
5/16/2023,2 - Week,20.67,21.17
5/16/2023,1 - Month,20.91,21.41
5/16/2023,3 - Month,21.74,21.99
5/16/2023,6 - Month,21.78,22.03
5/16/2023,9 - Month,21.82,22.32
5/16/2023,1 - Year,21.84,22.34
5/15/2023,1 - Week,20.51,21.01
5/15/2023,2 - Week,20.67,21.17
5/15/2023,1 - Month,20.89,21.39
5/15/2023,3 - Month,21.72,21.97
5/15/2023,6 - Month,21.8,22.05
5/15/2023,9 - Month,21.83,22.33
5/15/2023,1 - Year,21.84,22.34
5/12/2023,1 - Week,20.51,21.01
5/12/2023,2 - Week,20.65,21.15
5/12/2023,1 - Month,20.89,21.39
5/12/2023,3 - Month,21.74,21.99
5/12/2023,6 - Month,21.8,22.05
5/12/2023,9 - Month,21.83,22.33
5/12/2023,1 - Year,21.85,22.35
5/11/2023,1 - Week,20.59,21.09
5/11/2023,2 - Week,20.74,21.24
5/11/2023,1 - Month,20.95,21.45
5/11/2023,3 - Month,21.77,22.02
5/11/2023,6 - Month,21.83,22.08
5/11/2023,9 - Month,21.85,22.35
5/11/2023,1 - Year,21.88,22.38
5/10/2023,1 - Week,20.54,21.04
5/10/2023,2 - Week,20.75,21.25
5/10/2023,1 - Month,20.95,21.45
5/10/2023,3 - Month,21.79,22.04
5/10/2023,6 - Month,21.83,22.08
5/10/2023,9 - Month,21.84,22.34
5/10/2023,1 - Year,21.86,22.36
5/9/2023,1 - Week,20.6,21.1
5/9/2023,2 - Week,20.77,21.27
5/9/2023,1 - Month,20.99,21.49
5/9/2023,3 - Month,21.81,22.06
5/9/2023,6 - Month,21.83,22.08
5/9/2023,9 - Month,21.85,22.35
5/9/2023,1 - Year,21.86,22.36
5/8/2023,1 - Week,20.69,21.19
5/8/2023,2 - Week,20.81,21.31
5/8/2023,1 - Month,21.02,21.52
5/8/2023,3 - Month,21.8,22.05
5/8/2023,6 - Month,21.82,22.07
5/8/2023,9 - Month,21.84,22.34
5/8/2023,1 - Year,21.85,22.35
5/5/2023,1 - Week,20.82,21.32
5/5/2023,2 - Week,20.88,21.38
5/5/2023,1 - Month,21.04,21.54
5/5/2023,3 - Month,21.82,22.07
5/5/2023,6 - Month,21.83,22.08
5/5/2023,9 - Month,21.84,22.34
5/5/2023,1 - Year,21.84,22.34
5/4/2023,1 - Week,20.87,21.37
5/4/2023,2 - Week,20.93,21.43
5/4/2023,1 - Month,21.05,21.55
5/4/2023,3 - Month,21.82,22.07
5/4/2023,6 - Month,21.83,22.08
5/4/2023,9 - Month,21.83,22.33
5/4/2023,1 - Year,21.84,22.34
5/3/2023,1 - Week,20.83,21.33
5/3/2023,2 - Week,20.9,21.4
5/3/2023,1 - Month,21.03,21.53
5/3/2023,3 - Month,21.81,22.06
5/3/2023,6 - Month,21.82,22.07
5/3/2023,9 - Month,21.8,22.3
5/3/2023,1 - Year,21.81,22.31
5/2/2023,1 - Week,20.86,21.36
5/2/2023,2 - Week,20.91,21.41
5/2/2023,1 - Month,21.04,21.54
5/2/2023,3 - Month,21.8,22.05
5/2/2023,6 - Month,21.81,22.06
5/2/2023,9 - Month,21.8,22.3
5/2/2023,1 - Year,21.81,22.31
6/27/2023,1 - Week,21.89,22.39
6/27/2023,2 - Week,21.97,22.47
6/27/2023,1 - Month,22.04,22.54
6/27/2023,3 - Month,22.66,22.91
6/27/2023,6 - Month,22.72,22.97
6/27/2023,9 - Month,22.75,23.25
6/27/2023,1 - Year,22.77,23.27
6/26/2023,1 - Week,20.6,21.1
6/26/2023,2 - Week,20.79,21.29
6/26/2023,1 - Month,20.99,21.49
6/26/2023,3 - Month,21.79,22.04
6/26/2023,6 - Month,21.84,22.09
6/26/2023,9 - Month,21.86,22.36
6/26/2023,1 - Year,21.87,22.37
6/23/2023,1 - Week,20.75,21.25
6/23/2023,2 - Week,20.87,21.37
6/23/2023,1 - Month,21.12,21.62
6/23/2023,3 - Month,21.84,22.09
6/23/2023,6 - Month,21.88,22.13
6/23/2023,9 - Month,21.88,22.38
6/23/2023,1 - Year,21.89,22.39
6/22/2023,1 - Week,20.79,21.29
6/22/2023,2 - Week,20.93,21.43
6/22/2023,1 - Month,21.18,21.68
6/22/2023,3 - Month,21.88,22.13
6/22/2023,6 - Month,21.9,22.15
6/22/2023,9 - Month,21.89,22.39
6/22/2023,1 - Year,21.9,22.4
6/21/2023,1 - Week,20.76,21.26
6/21/2023,2 - Week,20.88,21.38
6/21/2023,1 - Month,21.15,21.65
6/21/2023,3 - Month,21.87,22.12
6/21/2023,6 - Month,21.89,22.14
6/21/2023,9 - Month,21.88,22.38
6/21/2023,1 - Year,21.89,22.39
6/20/2023,1 - Week,20.96,21.46
6/20/2023,2 - Week,21.02,21.52
6/20/2023,1 - Month,21.17,21.67
6/20/2023,3 - Month,21.88,22.13
6/20/2023,6 - Month,21.91,22.16
6/20/2023,9 - Month,21.9,22.4
6/20/2023,1 - Year,21.91,22.41
6/19/2023,1 - Week,20.86,21.36
6/19/2023,2 - Week,20.96,21.46
6/19/2023,1 - Month,21.15,21.65
6/19/2023,3 - Month,21.85,22.1
6/19/2023,6 - Month,21.88,22.13
6/19/2023,9 - Month,21.86,22.36
6/19/2023,1 - Year,21.86,22.36
6/16/2023,1 - Week,20.82,21.32
6/16/2023,2 - Week,20.93,21.43
6/16/2023,1 - Month,21.08,21.58
6/16/2023,3 - Month,21.82,22.07
6/16/2023,6 - Month,21.87,22.12
6/16/2023,9 - Month,21.84,22.34
6/16/2023,1 - Year,21.86,22.36
6/15/2023,1 - Week,20.82,21.32
6/15/2023,2 - Week,20.93,21.43
6/15/2023,1 - Month,21.08,21.58
6/15/2023,3 - Month,21.82,22.07
6/15/2023,6 - Month,21.87,22.12
6/15/2023,9 - Month,21.84,22.34
6/15/2023,1 - Year,21.86,22.36
6/14/2023,1 - Week,20.74,21.24
6/14/2023,2 - Week,20.88,21.38
6/14/2023,1 - Month,21.09,21.59
6/14/2023,3 - Month,21.78,22.03
6/14/2023,6 - Month,21.83,22.08
6/14/2023,9 - Month,21.84,22.34
6/14/2023,1 - Year,21.86,22.36
6/13/2023,1 - Week,20.77,21.27
6/13/2023,2 - Week,20.91,21.41
6/13/2023,1 - Month,21.08,21.58
6/13/2023,3 - Month,21.81,22.06
6/13/2023,6 - Month,21.86,22.11
6/13/2023,9 - Month,21.86,22.36
6/13/2023,1 - Year,21.87,22.37
6/12/2023,1 - Week,20.84,21.34
6/12/2023,2 - Week,20.97,21.47
6/12/2023,1 - Month,21.1,21.6
6/12/2023,3 - Month,21.83,22.08
6/12/2023,6 - Month,21.88,22.13
6/12/2023,9 - Month,21.89,22.39
6/12/2023,1 - Year,21.9,22.4
6/9/2023,1 - Week,20.78,21.28
6/9/2023,2 - Week,20.91,21.41
6/9/2023,1 - Month,21.07,21.57
6/9/2023,3 - Month,21.8,22.05
6/9/2023,6 - Month,21.87,22.12
6/9/2023,9 - Month,21.88,22.38
6/9/2023,1 - Year,21.89,22.39
6/8/2023,1 - Week,20.68,21.18
6/8/2023,2 - Week,20.84,21.34
6/8/2023,1 - Month,21.03,21.53
6/8/2023,3 - Month,21.77,22.02
6/8/2023,6 - Month,21.85,22.1
6/8/2023,9 - Month,21.88,22.38
6/8/2023,1 - Year,21.89,22.39
6/7/2023,1 - Week,20.67,21.17
6/7/2023,2 - Week,20.82,21.32
6/7/2023,1 - Month,21.05,21.55
6/7/2023,3 - Month,21.75,22
6/7/2023,6 - Month,21.84,22.09
6/7/2023,9 - Month,21.86,22.36
6/7/2023,1 - Year,21.88,22.38
6/6/2023,1 - Week,20.68,21.18
6/6/2023,2 - Week,20.83,21.33
6/6/2023,1 - Month,21.04,21.54
6/6/2023,3 - Month,21.77,22.02
6/6/2023,6 - Month,21.82,22.07
6/6/2023,9 - Month,21.85,22.35
6/6/2023,1 - Year,21.86,22.36
6/5/2023,1 - Week,20.65,21.15
6/5/2023,2 - Week,20.81,21.31
6/5/2023,1 - Month,21.06,21.56
6/5/2023,3 - Month,21.84,22.09
6/5/2023,6 - Month,21.89,22.14
6/5/2023,9 - Month,21.9,22.4
6/5/2023,1 - Year,21.91,22.41
6/2/2023,1 - Week,20.81,21.31
6/2/2023,2 - Week,20.91,21.41
6/2/2023,1 - Month,21.17,21.67
6/2/2023,3 - Month,21.89,22.14
6/2/2023,6 - Month,21.92,22.17
6/2/2023,9 - Month,21.92,22.42
6/2/2023,1 - Year,21.92,22.42
6/1/2023,1 - Week,20.9,21.4
6/1/2023,2 - Week,20.99,21.49
6/1/2023,1 - Month,21.2,21.7
6/1/2023,3 - Month,21.92,22.17
6/1/2023,6 - Month,21.92,22.17
6/1/2023,9 - Month,21.92,22.42
6/1/2023,1 - Year,21.93,22.43
7/31/2023,1 - Week,21.58,22.08
7/31/2023,2 - Week,21.88,22.38
7/31/2023,1 - Month,22.27,22.77
7/31/2023,3 - Month,22.89,23.14
7/31/2023,6 - Month,22.97,23.22
7/31/2023,9 - Month,22.99,23.49
7/31/2023,1 - Year,22.99,23.49
7/27/2023,1 - Week,21.47,21.97
7/27/2023,2 - Week,21.77,22.27
7/27/2023,1 - Month,22.21,22.71
7/27/2023,3 - Month,22.87,23.12
7/27/2023,6 - Month,22.92,23.17
7/27/2023,9 - Month,22.93,23.43
7/27/2023,1 - Year,22.93,23.43
7/26/2023,1 - Week,21.34,21.84
7/26/2023,2 - Week,21.68,22.18
7/26/2023,1 - Month,22.19,22.69
7/26/2023,3 - Month,22.87,23.12
7/26/2023,6 - Month,22.94,23.19
7/26/2023,9 - Month,22.93,23.43
7/26/2023,1 - Year,22.94,23.44
7/25/2023,1 - Week,21.4,21.9
7/25/2023,2 - Week,21.71,22.21
7/25/2023,1 - Month,22.15,22.65
7/25/2023,3 - Month,22.84,23.09
7/25/2023,6 - Month,22.9,23.15
7/25/2023,9 - Month,22.92,23.42
7/25/2023,1 - Year,22.92,23.42
7/24/2023,1 - Week,21.39,21.89
7/24/2023,2 - Week,21.67,22.17
7/24/2023,1 - Month,22.13,22.63
7/24/2023,3 - Month,22.81,23.06
7/24/2023,6 - Month,22.89,23.14
7/24/2023,9 - Month,22.9,23.4
7/24/2023,1 - Year,22.91,23.41
7/21/2023,1 - Week,21.46,21.96
7/21/2023,2 - Week,21.72,22.22
7/21/2023,1 - Month,22.08,22.58
7/21/2023,3 - Month,22.78,23.03
7/21/2023,6 - Month,22.88,23.13
7/21/2023,9 - Month,22.89,23.39
7/21/2023,1 - Year,22.91,23.41
7/20/2023,1 - Week,21.55,22.05
7/20/2023,2 - Week,21.78,22.28
7/20/2023,1 - Month,22.09,22.59
7/20/2023,3 - Month,22.73,22.98
7/20/2023,6 - Month,22.83,23.08
7/20/2023,9 - Month,22.84,23.34
7/20/2023,1 - Year,22.86,23.36
7/19/2023,1 - Week,21.57,22.07
7/19/2023,2 - Week,21.76,22.26
7/19/2023,1 - Month,22.04,22.54
7/19/2023,3 - Month,22.59,22.84
7/19/2023,6 - Month,22.76,23.01
7/19/2023,9 - Month,22.77,23.27
7/19/2023,1 - Year,22.83,23.33
7/18/2023,1 - Week,21.56,22.06
7/18/2023,2 - Week,21.67,22.17
7/18/2023,1 - Month,21.93,22.43
7/18/2023,3 - Month,22.45,22.7
7/18/2023,6 - Month,22.66,22.91
7/18/2023,9 - Month,22.67,23.17
7/18/2023,1 - Year,22.68,23.18
7/17/2023,1 - Week,21.53,22.03
7/17/2023,2 - Week,21.65,22.15
7/17/2023,1 - Month,21.92,22.42
7/17/2023,3 - Month,22.39,22.64
7/17/2023,6 - Month,22.65,22.9
7/17/2023,9 - Month,22.67,23.17
7/17/2023,1 - Year,22.69,23.19
7/14/2023,1 - Week,21.58,22.08
7/14/2023,2 - Week,21.68,22.18
7/14/2023,1 - Month,21.9,22.4
7/14/2023,3 - Month,22.36,22.61
7/14/2023,6 - Month,22.64,22.89
7/14/2023,9 - Month,22.65,23.15
7/14/2023,1 - Year,22.65,23.15
7/13/2023,1 - Week,21.69,22.19
7/13/2023,2 - Week,21.77,22.27
7/13/2023,1 - Month,21.93,22.43
7/13/2023,3 - Month,22.44,22.69
7/13/2023,6 - Month,22.7,22.95
7/13/2023,9 - Month,22.7,23.2
7/13/2023,1 - Year,22.69,23.19
7/12/2023,1 - Week,21.69,22.19
7/12/2023,2 - Week,21.8,22.3
7/12/2023,1 - Month,22,22.5
7/12/2023,3 - Month,22.67,22.92
7/12/2023,6 - Month,22.77,23.02
7/12/2023,9 - Month,22.78,23.28
7/12/2023,1 - Year,22.8,23.3
7/11/2023,1 - Week,21.67,22.17
7/11/2023,2 - Week,21.79,22.29
7/11/2023,1 - Month,22.01,22.51
7/11/2023,3 - Month,22.64,22.89
7/11/2023,6 - Month,22.74,22.99
7/11/2023,9 - Month,22.78,23.28
7/11/2023,1 - Year,22.8,23.3
7/10/2023,1 - Week,21.68,22.18
7/10/2023,2 - Week,21.81,22.31
7/10/2023,1 - Month,22.03,22.53
7/10/2023,3 - Month,22.65,22.9
7/10/2023,6 - Month,22.73,22.98
7/10/2023,9 - Month,22.77,23.27
7/10/2023,1 - Year,22.79,23.29
7/7/2023,1 - Week,21.72,22.22
7/7/2023,2 - Week,21.81,22.31
7/7/2023,1 - Month,22.08,22.58
7/7/2023,3 - Month,22.64,22.89
7/7/2023,6 - Month,22.72,22.97
7/7/2023,9 - Month,22.76,23.26
7/7/2023,1 - Year,22.78,23.28
7/6/2023,1 - Week,21.9,22.4
7/6/2023,2 - Week,21.98,22.48
7/6/2023,1 - Month,22.1,22.6
7/6/2023,3 - Month,22.67,22.92
7/6/2023,6 - Month,22.73,22.98
7/6/2023,9 - Month,22.75,23.25
7/6/2023,1 - Year,22.77,23.27
7/5/2023,1 - Week,21.87,22.37
7/5/2023,2 - Week,21.97,22.47
7/5/2023,1 - Month,22.06,22.56
7/5/2023,3 - Month,22.67,22.92
7/5/2023,6 - Month,22.72,22.97
7/5/2023,9 - Month,22.75,23.25
7/5/2023,1 - Year,22.77,23.27
7/4/2023,1 - Week,21.84,22.34
7/4/2023,2 - Week,21.93,22.43
7/4/2023,1 - Month,22.03,22.53
7/4/2023,3 - Month,22.65,22.9
7/4/2023,6 - Month,22.72,22.97
7/4/2023,9 - Month,22.75,23.25
7/4/2023,1 - Year,22.77,23.27
8/31/2023,1 - Week,21.65,22.15
8/31/2023,2 - Week,21.74,22.24
8/31/2023,1 - Month,21.96,22.46
8/31/2023,3 - Month,22.92,23.17
8/31/2023,6 - Month,22.96,23.21
8/31/2023,9 - Month,22.97,23.47
8/31/2023,1 - Year,22.99,23.49
8/30/2023,1 - Week,21.59,22.09
8/30/2023,2 - Week,21.67,22.17
8/30/2023,1 - Month,21.87,22.37
8/30/2023,3 - Month,22.84,23.09
8/30/2023,6 - Month,22.9,23.15
8/30/2023,9 - Month,22.91,23.41
8/30/2023,1 - Year,22.93,23.43
8/29/2023,1 - Week,21.57,22.07
8/29/2023,2 - Week,21.65,22.15
8/29/2023,1 - Month,21.86,22.36
8/29/2023,3 - Month,22.83,23.08
8/29/2023,6 - Month,22.91,23.16
8/29/2023,9 - Month,22.92,23.42
8/29/2023,1 - Year,22.94,23.44
8/28/2023,1 - Week,21.65,22.15
8/28/2023,2 - Week,21.7,22.2
8/28/2023,1 - Month,21.92,22.42
8/28/2023,3 - Month,22.72,22.97
8/28/2023,6 - Month,22.91,23.16
8/28/2023,9 - Month,22.93,23.43
8/28/2023,1 - Year,22.95,23.45
8/25/2023,1 - Week,21.58,22.08
8/25/2023,2 - Week,21.69,22.19
8/25/2023,1 - Month,21.93,22.43
8/25/2023,3 - Month,22.83,23.08
8/25/2023,6 - Month,22.91,23.16
8/25/2023,9 - Month,22.93,23.43
8/25/2023,1 - Year,22.94,23.44
8/24/2023,1 - Week,21.62,22.12
8/24/2023,2 - Week,21.69,22.19
8/24/2023,1 - Month,21.91,22.41
8/24/2023,3 - Month,22.84,23.09
8/24/2023,6 - Month,22.91,23.16
8/24/2023,9 - Month,22.93,23.43
8/24/2023,1 - Year,22.93,23.43
8/23/2023,1 - Week,21.49,21.99
8/23/2023,2 - Week,21.65,22.15
8/23/2023,1 - Month,21.91,22.41
8/23/2023,3 - Month,22.89,23.14
8/23/2023,6 - Month,22.92,23.17
8/23/2023,9 - Month,22.93,23.43
8/23/2023,1 - Year,22.94,23.44
8/22/2023,1 - Week,21.53,22.03
8/22/2023,2 - Week,21.66,22.16
8/22/2023,1 - Month,21.97,22.47
8/22/2023,3 - Month,22.89,23.14
8/22/2023,6 - Month,22.91,23.16
8/22/2023,9 - Month,22.93,23.43
8/22/2023,1 - Year,22.93,23.43
8/21/2023,1 - Week,21.63,22.13
8/21/2023,2 - Week,21.76,22.26
8/21/2023,1 - Month,22,22.5
8/21/2023,3 - Month,22.91,23.16
8/21/2023,6 - Month,22.93,23.18
8/21/2023,9 - Month,22.93,23.43
8/21/2023,1 - Year,22.94,23.44
8/18/2023,1 - Week,21.79,22.29
8/18/2023,2 - Week,21.86,22.36
8/18/2023,1 - Month,22.07,22.57
8/18/2023,3 - Month,22.85,23.1
8/18/2023,6 - Month,22.89,23.14
8/18/2023,9 - Month,22.91,23.41
8/18/2023,1 - Year,22.91,23.41
8/17/2023,1 - Week,21.82,22.32
8/17/2023,2 - Week,21.87,22.37
8/17/2023,1 - Month,22.01,22.51
8/17/2023,3 - Month,22.8,23.05
8/17/2023,6 - Month,22.86,23.11
8/17/2023,9 - Month,22.88,23.38
8/17/2023,1 - Year,22.9,23.4
8/16/2023,1 - Week,21.79,22.29
8/16/2023,2 - Week,21.84,22.34
8/16/2023,1 - Month,21.97,22.47
8/16/2023,3 - Month,22.77,23.02
8/16/2023,6 - Month,22.84,23.09
8/16/2023,9 - Month,22.88,23.38
8/16/2023,1 - Year,22.9,23.4
8/15/2023,1 - Week,21.65,22.15
8/15/2023,2 - Week,21.71,22.21
8/15/2023,1 - Month,21.88,22.38
8/15/2023,3 - Month,22.69,22.94
8/15/2023,6 - Month,22.8,23.05
8/15/2023,9 - Month,22.83,23.33
8/15/2023,1 - Year,22.86,23.36
8/11/2023,1 - Week,21.6,22.1
8/11/2023,2 - Week,21.7,22.2
8/11/2023,1 - Month,21.9,22.4
8/11/2023,3 - Month,22.69,22.94
8/11/2023,6 - Month,22.78,23.03
8/11/2023,9 - Month,22.82,23.32
8/11/2023,1 - Year,22.85,23.35
8/10/2023,1 - Week,21.68,22.18
8/10/2023,2 - Week,21.76,22.26
8/10/2023,1 - Month,21.91,22.41
8/10/2023,3 - Month,22.69,22.94
8/10/2023,6 - Month,22.79,23.04
8/10/2023,9 - Month,22.83,23.33
8/10/2023,1 - Year,22.86,23.36
8/9/2023,1 - Week,21.37,21.87
8/9/2023,2 - Week,21.55,22.05
8/9/2023,1 - Month,21.86,22.36
8/9/2023,3 - Month,22.55,22.8
8/9/2023,6 - Month,22.72,22.97
8/9/2023,9 - Month,22.74,23.24
8/9/2023,1 - Year,22.76,23.26
8/8/2023,1 - Week,21.35,21.85
8/8/2023,2 - Week,21.51,22.01
8/8/2023,1 - Month,21.78,22.28
8/8/2023,3 - Month,22.48,22.73
8/8/2023,6 - Month,22.69,22.94
8/8/2023,9 - Month,22.74,23.24
8/8/2023,1 - Year,22.77,23.27
8/7/2023,1 - Week,21.34,21.84
8/7/2023,2 - Week,21.53,22.03
8/7/2023,1 - Month,21.79,22.29
8/7/2023,3 - Month,22.42,22.67
8/7/2023,6 - Month,22.68,22.93
8/7/2023,9 - Month,22.73,23.23
8/7/2023,1 - Year,22.74,23.24
8/4/2023,1 - Week,21.33,21.83
8/4/2023,2 - Week,21.48,21.98
8/4/2023,1 - Month,21.73,22.23
8/4/2023,3 - Month,22.46,22.71
8/4/2023,6 - Month,22.69,22.94
8/4/2023,9 - Month,22.72,23.22
8/4/2023,1 - Year,22.74,23.24
8/3/2023,1 - Week,21.37,21.87
8/3/2023,2 - Week,21.53,22.03
8/3/2023,1 - Month,21.76,22.26
8/3/2023,3 - Month,22.5,22.75
8/3/2023,6 - Month,22.7,22.95
8/3/2023,9 - Month,22.74,23.24
8/3/2023,1 - Year,22.76,23.26
8/2/2023,1 - Week,21.43,21.93
8/2/2023,2 - Week,21.57,22.07
8/2/2023,1 - Month,21.81,22.31
8/2/2023,3 - Month,22.57,22.82
8/2/2023,6 - Month,22.76,23.01
8/2/2023,9 - Month,22.78,23.28
8/2/2023,1 - Year,22.79,23.29
8/1/2023,1 - Week,21.38,21.88
8/1/2023,2 - Week,21.53,22.03
8/1/2023,1 - Month,21.87,22.37
8/1/2023,3 - Month,22.56,22.81
8/1/2023,6 - Month,22.75,23
8/1/2023,9 - Month,22.79,23.29
8/1/2023,1 - Year,22.81,23.31
9/28/2023,1 - Week,21.64,22.14
9/28/2023,2 - Week,21.7,22.2
9/28/2023,1 - Month,21.8,22.3
9/28/2023,3 - Month,22.41,22.66
9/28/2023,6 - Month,22.7,22.95
9/28/2023,9 - Month,22.75,23.25
9/28/2023,1 - Year,22.79,23.29
9/27/2023,1 - Week,21.61,22.11
9/27/2023,2 - Week,21.66,22.16
9/27/2023,1 - Month,21.76,22.26
9/27/2023,3 - Month,22.4,22.65
9/27/2023,6 - Month,22.72,22.97
9/27/2023,9 - Month,22.77,23.27
9/27/2023,1 - Year,22.81,23.31
9/26/2023,1 - Week,21.53,22.03
9/26/2023,2 - Week,21.54,22.04
9/26/2023,1 - Month,21.65,22.15
9/26/2023,3 - Month,22.31,22.56
9/26/2023,6 - Month,22.67,22.92
9/26/2023,9 - Month,22.7,23.2
9/26/2023,1 - Year,22.72,23.22
9/25/2023,1 - Week,21.33,21.83
9/25/2023,2 - Week,21.46,21.96
9/25/2023,1 - Month,21.65,22.15
9/25/2023,3 - Month,22.35,22.6
9/25/2023,6 - Month,22.71,22.96
9/25/2023,9 - Month,22.74,23.24
9/25/2023,1 - Year,22.77,23.27
9/22/2023,1 - Week,21.2,21.7
9/22/2023,2 - Week,21.36,21.86
9/22/2023,1 - Month,21.59,22.09
9/22/2023,3 - Month,22.35,22.6
9/22/2023,6 - Month,22.69,22.94
9/22/2023,9 - Month,22.75,23.25
9/22/2023,1 - Year,22.77,23.27
9/21/2023,1 - Week,21.22,21.72
9/21/2023,2 - Week,21.47,21.97
9/21/2023,1 - Month,21.65,22.15
9/21/2023,3 - Month,22.38,22.63
9/21/2023,6 - Month,22.69,22.94
9/21/2023,9 - Month,22.73,23.23
9/21/2023,1 - Year,22.75,23.25
9/20/2023,1 - Week,21.31,21.81
9/20/2023,2 - Week,21.56,22.06
9/20/2023,1 - Month,21.81,22.31
9/20/2023,3 - Month,22.51,22.76
9/20/2023,6 - Month,22.83,23.08
9/20/2023,9 - Month,22.88,23.38
9/20/2023,1 - Year,22.9,23.4
9/19/2023,1 - Week,21.31,21.81
9/19/2023,2 - Week,21.54,22.04
9/19/2023,1 - Month,21.83,22.33
9/19/2023,3 - Month,22.53,22.78
9/19/2023,6 - Month,22.83,23.08
9/19/2023,9 - Month,22.88,23.38
9/19/2023,1 - Year,22.9,23.4
9/18/2023,1 - Week,21.29,21.79
9/18/2023,2 - Week,21.53,22.03
9/18/2023,1 - Month,21.84,22.34
9/18/2023,3 - Month,22.54,22.79
9/18/2023,6 - Month,22.84,23.09
9/18/2023,9 - Month,22.89,23.39
9/18/2023,1 - Year,22.9,23.4
9/15/2023,1 - Week,21.34,21.84
9/15/2023,2 - Week,21.59,22.09
9/15/2023,1 - Month,21.89,22.39
9/15/2023,3 - Month,22.55,22.8
9/15/2023,6 - Month,22.84,23.09
9/15/2023,9 - Month,22.93,23.43
9/15/2023,1 - Year,22.93,23.43
9/14/2023,1 - Week,22.11,22.61
9/14/2023,2 - Week,22.56,23.06
9/14/2023,1 - Month,22.89,23.39
9/14/2023,3 - Month,23.79,24.04
9/14/2023,6 - Month,24.43,24.68
9/14/2023,9 - Month,24.5,25
9/14/2023,1 - Year,24.54,25.04
9/13/2023,1 - Week,21.89,22.39
9/13/2023,2 - Week,22.35,22.85
9/13/2023,1 - Month,22.85,23.35
9/13/2023,3 - Month,23.78,24.03
9/13/2023,6 - Month,24.46,24.71
9/13/2023,9 - Month,24.51,25.01
9/13/2023,1 - Year,24.55,25.05
9/12/2023,1 - Week,21.7,22.2
9/12/2023,2 - Week,22.19,22.69
9/12/2023,1 - Month,22.82,23.32
9/12/2023,3 - Month,23.75,24
9/12/2023,6 - Month,24.44,24.69
9/12/2023,9 - Month,24.53,25.03
9/12/2023,1 - Year,24.56,25.06
9/11/2023,1 - Week,21.62,22.12
9/11/2023,2 - Week,22.11,22.61
9/11/2023,1 - Month,22.84,23.34
9/11/2023,3 - Month,23.69,23.94
9/11/2023,6 - Month,24.45,24.7
9/11/2023,9 - Month,24.55,25.05
9/11/2023,1 - Year,24.62,25.12
9/8/2023,1 - Week,21.45,21.95
9/8/2023,2 - Week,21.99,22.49
9/8/2023,1 - Month,22.79,23.29
9/8/2023,3 - Month,23.68,23.93
9/8/2023,6 - Month,24.42,24.67
9/8/2023,9 - Month,24.52,25.02
9/8/2023,1 - Year,24.61,25.11
9/7/2023,1 - Week,21.63,22.13
9/7/2023,2 - Week,22.02,22.52
9/7/2023,1 - Month,22.7,23.2
9/7/2023,3 - Month,23.74,23.99
9/7/2023,6 - Month,24.37,24.62
9/7/2023,9 - Month,24.55,25.05
9/7/2023,1 - Year,24.66,25.16
9/6/2023,1 - Week,21.44,21.94
9/6/2023,2 - Week,21.66,22.16
9/6/2023,1 - Month,22.22,22.72
9/6/2023,3 - Month,23.23,23.48
9/6/2023,6 - Month,23.35,23.6
9/6/2023,9 - Month,23.4,23.9
9/6/2023,1 - Year,23.43,23.93
9/5/2023,1 - Week,21.46,21.96
9/5/2023,2 - Week,21.68,22.18
9/5/2023,1 - Month,22.18,22.68
9/5/2023,3 - Month,23.18,23.43
9/5/2023,6 - Month,23.28,23.53
9/5/2023,9 - Month,23.31,23.81
9/5/2023,1 - Year,23.34,23.84
9/4/2023,1 - Week,21.5,22
9/4/2023,2 - Week,21.74,22.24
9/4/2023,1 - Month,22.22,22.72
9/4/2023,3 - Month,23.23,23.48
9/4/2023,6 - Month,23.33,23.58
9/4/2023,9 - Month,23.32,23.82
9/4/2023,1 - Year,23.39,23.89
9/1/2023,1 - Week,21.58,22.08
9/1/2023,2 - Week,21.74,22.24
9/1/2023,1 - Month,22.11,22.61
9/1/2023,3 - Month,23.08,23.33
9/1/2023,6 - Month,23.18,23.43
9/1/2023,9 - Month,23.17,23.67
9/1/2023,1 - Year,23.19,23.69
10/31/2023,1 - Week,21.62,22.12
10/31/2023,2 - Week,21.64,22.14
10/31/2023,1 - Month,21.66,22.16
10/31/2023,3 - Month,21.71,21.96
10/31/2023,6 - Month,21.75,22
10/31/2023,9 - Month,21.74,22.24
10/31/2023,1 - Year,21.76,22.26
10/30/2023,1 - Week,21.59,22.09
10/30/2023,2 - Week,21.62,22.12
10/30/2023,1 - Month,21.63,22.13
10/30/2023,3 - Month,21.62,21.87
10/30/2023,6 - Month,21.67,21.92
10/30/2023,9 - Month,21.69,22.19
10/30/2023,1 - Year,21.69,22.19
10/27/2023,1 - Week,21.59,22.09
10/27/2023,2 - Week,21.62,22.12
10/27/2023,1 - Month,21.63,22.13
10/27/2023,3 - Month,21.66,21.91
10/27/2023,6 - Month,21.72,21.97
10/27/2023,9 - Month,21.73,22.23
10/27/2023,1 - Year,21.74,22.24
10/26/2023,1 - Week,21.6,22.1
10/26/2023,2 - Week,21.63,22.13
10/26/2023,1 - Month,21.62,22.12
10/26/2023,3 - Month,21.68,21.93
10/26/2023,6 - Month,21.75,22
10/26/2023,9 - Month,21.74,22.24
10/26/2023,1 - Year,21.74,22.24
10/25/2023,1 - Week,21.59,22.09
10/25/2023,2 - Week,21.61,22.11
10/25/2023,1 - Month,21.6,22.1
10/25/2023,3 - Month,21.68,21.93
10/25/2023,6 - Month,21.77,22.02
10/25/2023,9 - Month,21.74,22.24
10/25/2023,1 - Year,21.74,22.24
10/24/2023,1 - Week,21.56,22.06
10/24/2023,2 - Week,21.59,22.09
10/24/2023,1 - Month,21.59,22.09
10/24/2023,3 - Month,21.68,21.93
10/24/2023,6 - Month,21.77,22.02
10/24/2023,9 - Month,21.75,22.25
10/24/2023,1 - Year,21.75,22.25
10/23/2023,1 - Week,21.56,22.06
10/23/2023,2 - Week,21.61,22.11
10/23/2023,1 - Month,21.62,22.12
10/23/2023,3 - Month,21.76,22.01
10/23/2023,6 - Month,21.82,22.07
10/23/2023,9 - Month,21.78,22.28
10/23/2023,1 - Year,21.77,22.27
10/20/2023,1 - Week,21.69,22.19
10/20/2023,2 - Week,21.71,22.21
10/20/2023,1 - Month,21.67,22.17
10/20/2023,3 - Month,21.78,22.03
10/20/2023,6 - Month,21.8,22.05
10/20/2023,9 - Month,21.81,22.31
10/20/2023,1 - Year,21.77,22.27
10/19/2023,1 - Week,21.64,22.14
10/19/2023,2 - Week,21.71,22.21
10/19/2023,1 - Month,21.69,22.19
10/19/2023,3 - Month,21.89,22.14
10/19/2023,6 - Month,21.93,22.18
10/19/2023,9 - Month,21.94,22.44
10/19/2023,1 - Year,21.84,22.34
10/18/2023,1 - Week,21.66,22.16
10/18/2023,2 - Week,21.73,22.23
10/18/2023,1 - Month,21.81,22.31
10/18/2023,3 - Month,22.14,22.39
10/18/2023,6 - Month,22.42,22.67
10/18/2023,9 - Month,22.43,22.93
10/18/2023,1 - Year,22.46,22.96
10/17/2023,1 - Week,21.63,22.13
10/17/2023,2 - Week,21.71,22.21
10/17/2023,1 - Month,21.84,22.34
10/17/2023,3 - Month,22.13,22.38
10/17/2023,6 - Month,22.48,22.73
10/17/2023,9 - Month,22.49,22.99
10/17/2023,1 - Year,22.52,23.02
10/16/2023,1 - Week,21.64,22.14
10/16/2023,2 - Week,21.71,22.21
10/16/2023,1 - Month,21.82,22.32
10/16/2023,3 - Month,22.15,22.4
10/16/2023,6 - Month,22.52,22.77
10/16/2023,9 - Month,22.51,23.01
10/16/2023,1 - Year,22.54,23.04
10/13/2023,1 - Week,21.76,22.26
10/13/2023,2 - Week,21.79,22.29
10/13/2023,1 - Month,21.88,22.38
10/13/2023,3 - Month,22.14,22.39
10/13/2023,6 - Month,22.47,22.72
10/13/2023,9 - Month,22.45,22.95
10/13/2023,1 - Year,22.47,22.97
10/12/2023,1 - Week,21.74,22.24
10/12/2023,2 - Week,21.78,22.28
10/12/2023,1 - Month,21.86,22.36
10/12/2023,3 - Month,22.09,22.34
10/12/2023,6 - Month,22.51,22.76
10/12/2023,9 - Month,22.46,22.96
10/12/2023,1 - Year,22.48,22.98
10/11/2023,1 - Week,21.72,22.22
10/11/2023,2 - Week,21.76,22.26
10/11/2023,1 - Month,21.84,22.34
10/11/2023,3 - Month,22.13,22.38
10/11/2023,6 - Month,22.51,22.76
10/11/2023,9 - Month,22.49,22.99
10/11/2023,1 - Year,22.51,23.01
10/10/2023,1 - Week,21.7,22.2
10/10/2023,2 - Week,21.75,22.25
10/10/2023,1 - Month,21.83,22.33
10/10/2023,3 - Month,22.1,22.35
10/10/2023,6 - Month,22.53,22.78
10/10/2023,9 - Month,22.5,23
10/10/2023,1 - Year,22.51,23.01
10/9/2023,1 - Week,21.68,22.18
10/9/2023,2 - Week,21.75,22.25
10/9/2023,1 - Month,21.84,22.34
10/9/2023,3 - Month,22.1,22.35
10/9/2023,6 - Month,22.55,22.8
10/9/2023,9 - Month,22.5,23
10/9/2023,1 - Year,22.52,23.02
10/6/2023,1 - Week,21.64,22.14
10/6/2023,2 - Week,21.69,22.19
10/6/2023,1 - Month,21.79,22.29
10/6/2023,3 - Month,22.09,22.34
10/6/2023,6 - Month,22.55,22.8
10/6/2023,9 - Month,22.51,23.01
10/6/2023,1 - Year,22.54,23.04
10/5/2023,1 - Week,21.55,22.05
10/5/2023,2 - Week,21.59,22.09
10/5/2023,1 - Month,21.68,22.18
10/5/2023,3 - Month,22.13,22.38
10/5/2023,6 - Month,22.65,22.9
10/5/2023,9 - Month,22.6,23.1
10/5/2023,1 - Year,22.66,23.16
10/4/2023,1 - Week,21.55,22.05
10/4/2023,2 - Week,21.65,22.15
10/4/2023,1 - Month,21.78,22.28
10/4/2023,3 - Month,22.35,22.6
10/4/2023,6 - Month,22.73,22.98
10/4/2023,9 - Month,22.71,23.21
10/4/2023,1 - Year,22.76,23.26
10/3/2023,1 - Week,21.55,22.05
10/3/2023,2 - Week,21.63,22.13
10/3/2023,1 - Month,21.78,22.28
10/3/2023,3 - Month,22.4,22.65
10/3/2023,6 - Month,22.71,22.96
10/3/2023,9 - Month,22.72,23.22
10/3/2023,1 - Year,22.76,23.26
10/2/2023,1 - Week,21.51,22.01
10/2/2023,2 - Week,21.59,22.09
10/2/2023,1 - Month,21.81,22.31
10/2/2023,3 - Month,22.39,22.64
10/2/2023,6 - Month,22.71,22.96
10/2/2023,9 - Month,22.74,23.24
10/2/2023,1 - Year,22.78,23.28
